{
  "ratings": {
    "c2": 1511.5588831868672,
    "c3": 1539.7999420966435,
    "iter100": 1427.859276930279,
    "iter150": 1504.691950577403,
    "iter20": 1287.021154729294,
    "iter200": 1641.9969354242141,
    "iter300": 1542.517338641306,
    "iter400": 1573.1113038172064,
    "iter50": 1273.0075140813922,
    "iter600": 1549.8012664968246,
    "iter6000": 1648.6344340185701
  },
  "pair_results": {
    "c2_vs_c3": {
      "w": 11,
      "d": 0,
      "l": 4
    },
    "c2_vs_iter100": {
      "w": 7,
      "d": 0,
      "l": 8
    },
    "c2_vs_iter150": {
      "w": 5,
      "d": 0,
      "l": 5
    },
    "c2_vs_iter20": {
      "w": 3,
      "d": 0,
      "l": 6
    },
    "c2_vs_iter200": {
      "w": 5,
      "d": 0,
      "l": 4
    },
    "c2_vs_iter300": {
      "w": 6,
      "d": 0,
      "l": 1
    },
    "c2_vs_iter400": {
      "w": 8,
      "d": 0,
      "l": 2
    },
    "c2_vs_iter50": {
      "w": 4,
      "d": 0,
      "l": 9
    },
    "c2_vs_iter600": {
      "w": 7,
      "d": 0,
      "l": 1
    },
    "c3_vs_iter100": {
      "w": 7,
      "d": 0,
      "l": 4
    },
    "c3_vs_iter150": {
      "w": 7,
      "d": 0,
      "l": 4
    },
    "c3_vs_iter20": {
      "w": 2,
      "d": 0,
      "l": 4
    },
    "c3_vs_iter200": {
      "w": 8,
      "d": 0,
      "l": 9
    },
    "c3_vs_iter300": {
      "w": 4,
      "d": 0,
      "l": 4
    },
    "c3_vs_iter400": {
      "w": 4,
      "d": 0,
      "l": 5
    },
    "c3_vs_iter50": {
      "w": 2,
      "d": 0,
      "l": 9
    },
    "c3_vs_iter600": {
      "w": 4,
      "d": 0,
      "l": 4
    },
    "iter100_vs_iter150": {
      "w": 3,
      "d": 0,
      "l": 3
    },
    "iter100_vs_iter20": {
      "w": 4,
      "d": 0,
      "l": 9
    },
    "iter100_vs_iter200": {
      "w": 5,
      "d": 0,
      "l": 1
    },
    "iter100_vs_iter300": {
      "w": 13,
      "d": 0,
      "l": 3
    },
    "iter100_vs_iter400": {
      "w": 5,
      "d": 0,
      "l": 2
    },
    "iter100_vs_iter50": {
      "w": 1,
      "d": 0,
      "l": 6
    },
    "iter100_vs_iter600": {
      "w": 9,
      "d": 0,
      "l": 6
    },
    "iter150_vs_iter20": {
      "w": 4,
      "d": 0,
      "l": 10
    },
    "iter150_vs_iter200": {
      "w": 5,
      "d": 0,
      "l": 5
    },
    "iter150_vs_iter300": {
      "w": 7,
      "d": 0,
      "l": 5
    },
    "iter150_vs_iter400": {
      "w": 6,
      "d": 0,
      "l": 4
    },
    "iter150_vs_iter50": {
      "w": 3,
      "d": 0,
      "l": 10
    },
    "iter150_vs_iter600": {
      "w": 7,
      "d": 0,
      "l": 4
    },
    "iter20_vs_iter200": {
      "w": 12,
      "d": 0,
      "l": 2
    },
    "iter20_vs_iter300": {
      "w": 10,
      "d": 0,
      "l": 0
    },
    "iter20_vs_iter400": {
      "w": 5,
      "d": 0,
      "l": 3
    },
    "iter20_vs_iter50": {
      "w": 8,
      "d": 0,
      "l": 3
    },
    "iter20_vs_iter600": {
      "w": 7,
      "d": 0,
      "l": 4
    },
    "iter200_vs_iter300": {
      "w": 2,
      "d": 0,
      "l": 2
    },
    "iter200_vs_iter400": {
      "w": 7,
      "d": 0,
      "l": 7
    },
    "iter200_vs_iter50": {
      "w": 2,
      "d": 0,
      "l": 7
    },
    "iter200_vs_iter600": {
      "w": 7,
      "d": 0,
      "l": 6
    },
    "iter300_vs_iter400": {
      "w": 12,
      "d": 0,
      "l": 3
    },
    "iter300_vs_iter50": {
      "w": 4,
      "d": 0,
      "l": 10
    },
    "iter300_vs_iter600": {
      "w": 7,
      "d": 0,
      "l": 3
    },
    "iter400_vs_iter50": {
      "w": 2,
      "d": 0,
      "l": 9
    },
    "iter400_vs_iter600": {
      "w": 7,
      "d": 0,
      "l": 5
    },
    "iter50_vs_iter600": {
      "w": 5,
      "d": 0,
      "l": 3
    },
    "c3_vs_iter6000": {
      "w": 4,
      "d": 0,
      "l": 1
    },
    "iter600_vs_iter6000": {
      "w": 5,
      "d": 0,
      "l": 0
    },
    "iter300_vs_iter6000": {
      "w": 2,
      "d": 0,
      "l": 2
    },
    "c2_vs_iter6000": {
      "w": 4,
      "d": 0,
      "l": 0
    },
    "iter400_vs_iter6000": {
      "w": 5,
      "d": 0,
      "l": 0
    },
    "iter100_vs_iter6000": {
      "w": 4,
      "d": 0,
      "l": 1
    },
    "iter20_vs_iter6000": {
      "w": 5,
      "d": 0,
      "l": 0
    },
    "iter200_vs_iter6000": {
      "w": 4,
      "d": 0,
      "l": 1
    },
    "iter50_vs_iter6000": {
      "w": 3,
      "d": 0,
      "l": 1
    },
    "iter150_vs_iter6000": {
      "w": 3,
      "d": 0,
      "l": 1
    },
    "iter6000_vs_c2": {
      "w": 1,
      "d": 0,
      "l": 2
    },
    "iter6000_vs_iter300": {
      "w": 2,
      "d": 0,
      "l": 1
    },
    "iter6000_vs_iter150": {
      "w": 1,
      "d": 0,
      "l": 0
    },
    "iter6000_vs_iter400": {
      "w": 2,
      "d": 0,
      "l": 0
    },
    "iter6000_vs_iter20": {
      "w": 2,
      "d": 0,
      "l": 0
    },
    "iter6000_vs_c3": {
      "w": 1,
      "d": 0,
      "l": 0
    },
    "iter6000_vs_iter600": {
      "w": 1,
      "d": 0,
      "l": 1
    },
    "iter6000_vs_iter100": {
      "w": 2,
      "d": 0,
      "l": 0
    },
    "iter6000_vs_iter200": {
      "w": 0,
      "d": 0,
      "l": 2
    },
    "iter6000_vs_iter50": {
      "w": 2,
      "d": 0,
      "l": 0
    }
  },
  "pair_index": 11,
  "orientation": 0
}