{
  "ratings": {
    "c2": 1510.1787989693792,
    "c3": 1555.4426443673867,
    "iter100": 1452.4687335194835,
    "iter150": 1498.750175104747,
    "iter20": 1299.5352158713713,
    "iter200": 1637.2151751312504,
    "iter300": 1546.7435276277135,
    "iter400": 1617.654969639814,
    "iter50": 1284.648459470911,
    "iter600": 1572.8719130907125,
    "iter6000": 1524.4903872072314
  },
  "pair_results": {
    "c2_vs_c3": {
      "w": 11,
      "d": 0,
      "l": 4
    },
    "c2_vs_iter100": {
      "w": 7,
      "d": 0,
      "l": 8
    },
    "c2_vs_iter150": {
      "w": 5,
      "d": 0,
      "l": 5
    },
    "c2_vs_iter20": {
      "w": 3,
      "d": 0,
      "l": 6
    },
    "c2_vs_iter200": {
      "w": 5,
      "d": 0,
      "l": 4
    },
    "c2_vs_iter300": {
      "w": 6,
      "d": 0,
      "l": 1
    },
    "c2_vs_iter400": {
      "w": 8,
      "d": 0,
      "l": 2
    },
    "c2_vs_iter50": {
      "w": 4,
      "d": 0,
      "l": 9
    },
    "c2_vs_iter600": {
      "w": 7,
      "d": 0,
      "l": 1
    },
    "c3_vs_iter100": {
      "w": 7,
      "d": 0,
      "l": 4
    },
    "c3_vs_iter150": {
      "w": 7,
      "d": 0,
      "l": 4
    },
    "c3_vs_iter20": {
      "w": 2,
      "d": 0,
      "l": 4
    },
    "c3_vs_iter200": {
      "w": 8,
      "d": 0,
      "l": 9
    },
    "c3_vs_iter300": {
      "w": 4,
      "d": 0,
      "l": 4
    },
    "c3_vs_iter400": {
      "w": 4,
      "d": 0,
      "l": 5
    },
    "c3_vs_iter50": {
      "w": 2,
      "d": 0,
      "l": 9
    },
    "c3_vs_iter600": {
      "w": 4,
      "d": 0,
      "l": 4
    },
    "iter100_vs_iter150": {
      "w": 3,
      "d": 0,
      "l": 3
    },
    "iter100_vs_iter20": {
      "w": 4,
      "d": 0,
      "l": 9
    },
    "iter100_vs_iter200": {
      "w": 5,
      "d": 0,
      "l": 1
    },
    "iter100_vs_iter300": {
      "w": 13,
      "d": 0,
      "l": 3
    },
    "iter100_vs_iter400": {
      "w": 5,
      "d": 0,
      "l": 2
    },
    "iter100_vs_iter50": {
      "w": 1,
      "d": 0,
      "l": 6
    },
    "iter100_vs_iter600": {
      "w": 9,
      "d": 0,
      "l": 6
    },
    "iter150_vs_iter20": {
      "w": 4,
      "d": 0,
      "l": 10
    },
    "iter150_vs_iter200": {
      "w": 5,
      "d": 0,
      "l": 5
    },
    "iter150_vs_iter300": {
      "w": 7,
      "d": 0,
      "l": 5
    },
    "iter150_vs_iter400": {
      "w": 6,
      "d": 0,
      "l": 4
    },
    "iter150_vs_iter50": {
      "w": 3,
      "d": 0,
      "l": 10
    },
    "iter150_vs_iter600": {
      "w": 7,
      "d": 0,
      "l": 4
    },
    "iter20_vs_iter200": {
      "w": 12,
      "d": 0,
      "l": 2
    },
    "iter20_vs_iter300": {
      "w": 10,
      "d": 0,
      "l": 0
    },
    "iter20_vs_iter400": {
      "w": 5,
      "d": 0,
      "l": 3
    },
    "iter20_vs_iter50": {
      "w": 8,
      "d": 0,
      "l": 3
    },
    "iter20_vs_iter600": {
      "w": 7,
      "d": 0,
      "l": 4
    },
    "iter200_vs_iter300": {
      "w": 2,
      "d": 0,
      "l": 2
    },
    "iter200_vs_iter400": {
      "w": 7,
      "d": 0,
      "l": 7
    },
    "iter200_vs_iter50": {
      "w": 2,
      "d": 0,
      "l": 7
    },
    "iter200_vs_iter600": {
      "w": 7,
      "d": 0,
      "l": 6
    },
    "iter300_vs_iter400": {
      "w": 12,
      "d": 0,
      "l": 3
    },
    "iter300_vs_iter50": {
      "w": 4,
      "d": 0,
      "l": 10
    },
    "iter300_vs_iter600": {
      "w": 7,
      "d": 0,
      "l": 3
    },
    "iter400_vs_iter50": {
      "w": 2,
      "d": 0,
      "l": 9
    },
    "iter400_vs_iter600": {
      "w": 7,
      "d": 0,
      "l": 5
    },
    "iter50_vs_iter600": {
      "w": 5,
      "d": 0,
      "l": 3
    },
    "c3_vs_iter6000": {
      "w": 1,
      "d": 0,
      "l": 0
    },
    "iter600_vs_iter6000": {
      "w": 1,
      "d": 0,
      "l": 0
    },
    "iter300_vs_iter6000": {
      "w": 0,
      "d": 0,
      "l": 1
    },
    "c2_vs_iter6000": {
      "w": 1,
      "d": 0,
      "l": 0
    },
    "iter400_vs_iter6000": {
      "w": 1,
      "d": 0,
      "l": 0
    },
    "iter100_vs_iter6000": {
      "w": 0,
      "d": 0,
      "l": 1
    },
    "iter20_vs_iter6000": {
      "w": 1,
      "d": 0,
      "l": 0
    }
  },
  "pair_index": 11,
  "orientation": 0
}