{
  "ratings": {
    "c2": 1463.1286154459874,
    "c3": 1514.885540606664,
    "iter100": 1476.3024400851796,
    "iter150": 1529.6991798562453,
    "iter20": 1394.307124368783,
    "iter200": 1555.0724482410787,
    "iter300": 1548.083913657573,
    "iter400": 1553.9570958206796,
    "iter50": 1392.905277133082,
    "iter600": 1571.6583647847267
  },
  "pair_results": {
    "c2_vs_c3": {
      "w": 34,
      "d": 0,
      "l": 6
    },
    "c2_vs_iter100": {
      "w": 32,
      "d": 0,
      "l": 8
    },
    "c2_vs_iter150": {
      "w": 33,
      "d": 0,
      "l": 7
    },
    "c2_vs_iter20": {
      "w": 31,
      "d": 0,
      "l": 9
    },
    "c2_vs_iter200": {
      "w": 36,
      "d": 0,
      "l": 4
    },
    "c2_vs_iter300": {
      "w": 36,
      "d": 0,
      "l": 4
    },
    "c2_vs_iter400": {
      "w": 38,
      "d": 0,
      "l": 2
    },
    "c2_vs_iter50": {
      "w": 28,
      "d": 0,
      "l": 12
    },
    "c2_vs_iter600": {
      "w": 39,
      "d": 0,
      "l": 1
    },
    "c3_vs_iter100": {
      "w": 29,
      "d": 0,
      "l": 11
    },
    "c3_vs_iter150": {
      "w": 28,
      "d": 0,
      "l": 12
    },
    "c3_vs_iter20": {
      "w": 27,
      "d": 0,
      "l": 13
    },
    "c3_vs_iter200": {
      "w": 32,
      "d": 0,
      "l": 8
    },
    "c3_vs_iter300": {
      "w": 34,
      "d": 0,
      "l": 6
    },
    "c3_vs_iter400": {
      "w": 37,
      "d": 0,
      "l": 3
    },
    "c3_vs_iter50": {
      "w": 26,
      "d": 0,
      "l": 14
    },
    "c3_vs_iter600": {
      "w": 40,
      "d": 0,
      "l": 0
    },
    "iter100_vs_iter150": {
      "w": 30,
      "d": 0,
      "l": 10
    },
    "iter100_vs_iter20": {
      "w": 28,
      "d": 0,
      "l": 12
    },
    "iter100_vs_iter200": {
      "w": 32,
      "d": 0,
      "l": 8
    },
    "iter100_vs_iter300": {
      "w": 32,
      "d": 0,
      "l": 8
    },
    "iter100_vs_iter400": {
      "w": 32,
      "d": 0,
      "l": 6
    },
    "iter100_vs_iter50": {
      "w": 26,
      "d": 0,
      "l": 12
    },
    "iter100_vs_iter600": {
      "w": 30,
      "d": 0,
      "l": 8
    },
    "iter150_vs_iter20": {
      "w": 26,
      "d": 0,
      "l": 12
    },
    "iter150_vs_iter200": {
      "w": 31,
      "d": 0,
      "l": 7
    },
    "iter150_vs_iter300": {
      "w": 31,
      "d": 0,
      "l": 7
    },
    "iter150_vs_iter400": {
      "w": 34,
      "d": 0,
      "l": 4
    },
    "iter150_vs_iter50": {
      "w": 26,
      "d": 0,
      "l": 12
    },
    "iter150_vs_iter600": {
      "w": 29,
      "d": 0,
      "l": 9
    },
    "iter20_vs_iter200": {
      "w": 21,
      "d": 0,
      "l": 17
    },
    "iter20_vs_iter300": {
      "w": 28,
      "d": 0,
      "l": 10
    },
    "iter20_vs_iter400": {
      "w": 27,
      "d": 0,
      "l": 11
    },
    "iter20_vs_iter50": {
      "w": 24,
      "d": 0,
      "l": 14
    },
    "iter20_vs_iter600": {
      "w": 27,
      "d": 0,
      "l": 11
    },
    "iter200_vs_iter300": {
      "w": 36,
      "d": 0,
      "l": 2
    },
    "iter200_vs_iter400": {
      "w": 35,
      "d": 0,
      "l": 3
    },
    "iter200_vs_iter50": {
      "w": 24,
      "d": 0,
      "l": 14
    },
    "iter200_vs_iter600": {
      "w": 36,
      "d": 0,
      "l": 2
    },
    "iter300_vs_iter400": {
      "w": 37,
      "d": 0,
      "l": 1
    },
    "iter300_vs_iter50": {
      "w": 29,
      "d": 0,
      "l": 9
    },
    "iter300_vs_iter600": {
      "w": 37,
      "d": 0,
      "l": 1
    },
    "iter400_vs_iter50": {
      "w": 24,
      "d": 0,
      "l": 14
    },
    "iter400_vs_iter600": {
      "w": 37,
      "d": 0,
      "l": 1
    },
    "iter50_vs_iter600": {
      "w": 32,
      "d": 0,
      "l": 6
    }
  },
  "pair_index": 21,
  "orientation": 0
}