{
  "ratings": {
    "c2": 1560.2216506785726,
    "c3": 1517.2497858471404,
    "iter100": 1481.312271915261,
    "iter150": 1496.5763261784437,
    "iter20": 1348.0792167333125,
    "iter200": 1533.4181636625885,
    "iter300": 1558.1340618113118,
    "iter400": 1552.8922723749108,
    "iter50": 1414.9839343211372,
    "iter600": 1537.1323164773216
  },
  "pair_results": {
    "c2_vs_c3": {
      "w": 10,
      "d": 0,
      "l": 2
    },
    "c2_vs_iter100": {
      "w": 10,
      "d": 0,
      "l": 2
    },
    "c2_vs_iter150": {
      "w": 11,
      "d": 0,
      "l": 1
    },
    "c2_vs_iter20": {
      "w": 8,
      "d": 0,
      "l": 4
    },
    "c2_vs_iter200": {
      "w": 11,
      "d": 0,
      "l": 1
    },
    "c2_vs_iter300": {
      "w": 11,
      "d": 0,
      "l": 1
    },
    "c2_vs_iter400": {
      "w": 12,
      "d": 0,
      "l": 0
    },
    "c2_vs_iter50": {
      "w": 8,
      "d": 0,
      "l": 4
    },
    "c2_vs_iter600": {
      "w": 12,
      "d": 0,
      "l": 0
    },
    "c3_vs_iter100": {
      "w": 10,
      "d": 0,
      "l": 2
    },
    "c3_vs_iter150": {
      "w": 10,
      "d": 0,
      "l": 2
    },
    "c3_vs_iter20": {
      "w": 7,
      "d": 0,
      "l": 5
    },
    "c3_vs_iter200": {
      "w": 9,
      "d": 0,
      "l": 3
    },
    "c3_vs_iter300": {
      "w": 10,
      "d": 0,
      "l": 2
    },
    "c3_vs_iter400": {
      "w": 11,
      "d": 0,
      "l": 1
    },
    "c3_vs_iter50": {
      "w": 8,
      "d": 0,
      "l": 4
    },
    "c3_vs_iter600": {
      "w": 12,
      "d": 0,
      "l": 0
    },
    "iter100_vs_iter150": {
      "w": 8,
      "d": 0,
      "l": 4
    },
    "iter100_vs_iter20": {
      "w": 8,
      "d": 0,
      "l": 4
    },
    "iter100_vs_iter200": {
      "w": 9,
      "d": 0,
      "l": 3
    },
    "iter100_vs_iter300": {
      "w": 9,
      "d": 0,
      "l": 3
    },
    "iter100_vs_iter400": {
      "w": 10,
      "d": 0,
      "l": 2
    },
    "iter100_vs_iter50": {
      "w": 8,
      "d": 0,
      "l": 4
    },
    "iter100_vs_iter600": {
      "w": 11,
      "d": 0,
      "l": 1
    },
    "iter150_vs_iter20": {
      "w": 8,
      "d": 0,
      "l": 4
    },
    "iter150_vs_iter200": {
      "w": 10,
      "d": 0,
      "l": 2
    },
    "iter150_vs_iter300": {
      "w": 10,
      "d": 0,
      "l": 2
    },
    "iter150_vs_iter400": {
      "w": 9,
      "d": 0,
      "l": 2
    },
    "iter150_vs_iter50": {
      "w": 4,
      "d": 0,
      "l": 6
    },
    "iter150_vs_iter600": {
      "w": 7,
      "d": 0,
      "l": 3
    },
    "iter20_vs_iter200": {
      "w": 5,
      "d": 0,
      "l": 5
    },
    "iter20_vs_iter300": {
      "w": 9,
      "d": 0,
      "l": 1
    },
    "iter20_vs_iter400": {
      "w": 7,
      "d": 0,
      "l": 3
    },
    "iter20_vs_iter50": {
      "w": 4,
      "d": 0,
      "l": 6
    },
    "iter20_vs_iter600": {
      "w": 7,
      "d": 0,
      "l": 3
    },
    "iter200_vs_iter300": {
      "w": 10,
      "d": 0,
      "l": 0
    },
    "iter200_vs_iter400": {
      "w": 10,
      "d": 0,
      "l": 0
    },
    "iter200_vs_iter50": {
      "w": 7,
      "d": 0,
      "l": 3
    },
    "iter200_vs_iter600": {
      "w": 10,
      "d": 0,
      "l": 0
    },
    "iter300_vs_iter400": {
      "w": 10,
      "d": 0,
      "l": 0
    },
    "iter300_vs_iter50": {
      "w": 7,
      "d": 0,
      "l": 3
    },
    "iter300_vs_iter600": {
      "w": 10,
      "d": 0,
      "l": 0
    },
    "iter400_vs_iter50": {
      "w": 6,
      "d": 0,
      "l": 4
    },
    "iter400_vs_iter600": {
      "w": 10,
      "d": 0,
      "l": 0
    },
    "iter50_vs_iter600": {
      "w": 10,
      "d": 0,
      "l": 0
    }
  },
  "pair_index": 27,
  "orientation": 1
}