{
  "ratings": {
    "c2": 1575.9942730652033,
    "c3": 1486.385260160499,
    "iter100": 1486.8810190394586,
    "iter150": 1537.9900452822458,
    "iter20": 1314.1266186715393,
    "iter200": 1540.549759414382,
    "iter300": 1542.8303930694633,
    "iter400": 1574.1860093629246,
    "iter50": 1411.044055298961,
    "iter600": 1530.0125666353233
  },
  "pair_results": {
    "c2_vs_c3": {
      "w": 11,
      "d": 0,
      "l": 3
    },
    "c2_vs_iter100": {
      "w": 11,
      "d": 0,
      "l": 3
    },
    "c2_vs_iter150": {
      "w": 12,
      "d": 0,
      "l": 2
    },
    "c2_vs_iter20": {
      "w": 9,
      "d": 0,
      "l": 5
    },
    "c2_vs_iter200": {
      "w": 13,
      "d": 0,
      "l": 1
    },
    "c2_vs_iter300": {
      "w": 13,
      "d": 0,
      "l": 1
    },
    "c2_vs_iter400": {
      "w": 14,
      "d": 0,
      "l": 0
    },
    "c2_vs_iter50": {
      "w": 9,
      "d": 0,
      "l": 5
    },
    "c2_vs_iter600": {
      "w": 14,
      "d": 0,
      "l": 0
    },
    "c3_vs_iter100": {
      "w": 11,
      "d": 0,
      "l": 3
    },
    "c3_vs_iter150": {
      "w": 10,
      "d": 0,
      "l": 2
    },
    "c3_vs_iter20": {
      "w": 7,
      "d": 0,
      "l": 5
    },
    "c3_vs_iter200": {
      "w": 9,
      "d": 0,
      "l": 3
    },
    "c3_vs_iter300": {
      "w": 10,
      "d": 0,
      "l": 2
    },
    "c3_vs_iter400": {
      "w": 11,
      "d": 0,
      "l": 1
    },
    "c3_vs_iter50": {
      "w": 8,
      "d": 0,
      "l": 4
    },
    "c3_vs_iter600": {
      "w": 12,
      "d": 0,
      "l": 0
    },
    "iter100_vs_iter150": {
      "w": 8,
      "d": 0,
      "l": 4
    },
    "iter100_vs_iter20": {
      "w": 8,
      "d": 0,
      "l": 4
    },
    "iter100_vs_iter200": {
      "w": 9,
      "d": 0,
      "l": 3
    },
    "iter100_vs_iter300": {
      "w": 9,
      "d": 0,
      "l": 3
    },
    "iter100_vs_iter400": {
      "w": 10,
      "d": 0,
      "l": 2
    },
    "iter100_vs_iter50": {
      "w": 8,
      "d": 0,
      "l": 4
    },
    "iter100_vs_iter600": {
      "w": 11,
      "d": 0,
      "l": 1
    },
    "iter150_vs_iter20": {
      "w": 8,
      "d": 0,
      "l": 4
    },
    "iter150_vs_iter200": {
      "w": 10,
      "d": 0,
      "l": 2
    },
    "iter150_vs_iter300": {
      "w": 10,
      "d": 0,
      "l": 2
    },
    "iter150_vs_iter400": {
      "w": 9,
      "d": 0,
      "l": 3
    },
    "iter150_vs_iter50": {
      "w": 4,
      "d": 0,
      "l": 8
    },
    "iter150_vs_iter600": {
      "w": 8,
      "d": 0,
      "l": 4
    },
    "iter20_vs_iter200": {
      "w": 7,
      "d": 0,
      "l": 5
    },
    "iter20_vs_iter300": {
      "w": 10,
      "d": 0,
      "l": 2
    },
    "iter20_vs_iter400": {
      "w": 8,
      "d": 0,
      "l": 4
    },
    "iter20_vs_iter50": {
      "w": 5,
      "d": 0,
      "l": 7
    },
    "iter20_vs_iter600": {
      "w": 8,
      "d": 0,
      "l": 4
    },
    "iter200_vs_iter300": {
      "w": 12,
      "d": 0,
      "l": 0
    },
    "iter200_vs_iter400": {
      "w": 12,
      "d": 0,
      "l": 0
    },
    "iter200_vs_iter50": {
      "w": 8,
      "d": 0,
      "l": 4
    },
    "iter200_vs_iter600": {
      "w": 12,
      "d": 0,
      "l": 0
    },
    "iter300_vs_iter400": {
      "w": 11,
      "d": 0,
      "l": 1
    },
    "iter300_vs_iter50": {
      "w": 9,
      "d": 0,
      "l": 3
    },
    "iter300_vs_iter600": {
      "w": 12,
      "d": 0,
      "l": 0
    },
    "iter400_vs_iter50": {
      "w": 7,
      "d": 0,
      "l": 5
    },
    "iter400_vs_iter600": {
      "w": 12,
      "d": 0,
      "l": 0
    },
    "iter50_vs_iter600": {
      "w": 12,
      "d": 0,
      "l": 0
    }
  },
  "pair_index": 10,
  "orientation": 0
}