{
  "ratings": {
    "c2": 1609.501620788328,
    "c3": 1667.1808339984793,
    "iter100": 1362.094632728722,
    "iter150": 1499.0474759546514,
    "iter20": 1248.6220631336453,
    "iter200": 1590.3968016562867,
    "iter300": 1661.268120424695,
    "iter400": 1507.755581376106,
    "iter50": 1155.1263048643882,
    "iter600": 1471.1305313869484,
    "iter6000": 1618.938083425191,
    "minimax": 1702.700531080385,
    "search_4": 1393.5769764595136,
    "search_6": 1512.6604427226594,
    "hybrid_4": 1483.9610962515405,
    "hybrid_6": 1516.0389037484595,
    "c1": 1480.4063303218604,
    "check2": 1610.6500197483679,
    "iter800": 1408.9436499297722
  },
  "pair_results": {
    "iter50_vs_iter600": {
      "w": 2,
      "d": 0,
      "l": 11
    },
    "iter300_vs_iter20": {
      "w": 16,
      "d": 0,
      "l": 1
    },
    "iter6000_vs_iter400": {
      "w": 12,
      "d": 0,
      "l": 6
    },
    "c3_vs_iter200": {
      "w": 8,
      "d": 0,
      "l": 6
    },
    "iter150_vs_c2": {
      "w": 8,
      "d": 0,
      "l": 5
    },
    "iter100_vs_iter50": {
      "w": 12,
      "d": 0,
      "l": 7
    },
    "c3_vs_iter600": {
      "w": 9,
      "d": 0,
      "l": 2
    },
    "iter300_vs_iter150": {
      "w": 16,
      "d": 0,
      "l": 2
    },
    "iter6000_vs_c2": {
      "w": 8,
      "d": 0,
      "l": 8
    },
    "iter400_vs_iter20": {
      "w": 11,
      "d": 0,
      "l": 2
    },
    "iter200_vs_iter100": {
      "w": 13,
      "d": 0,
      "l": 1
    },
    "iter50_vs_iter6000": {
      "w": 0,
      "d": 0,
      "l": 11
    },
    "iter150_vs_iter100": {
      "w": 14,
      "d": 0,
      "l": 3
    },
    "iter600_vs_c3": {
      "w": 6,
      "d": 0,
      "l": 5
    },
    "iter20_vs_iter300": {
      "w": 4,
      "d": 0,
      "l": 13
    },
    "iter400_vs_iter200": {
      "w": 8,
      "d": 0,
      "l": 8
    },
    "iter100_vs_c2": {
      "w": 4,
      "d": 0,
      "l": 12
    },
    "c3_vs_iter150": {
      "w": 9,
      "d": 0,
      "l": 3
    },
    "c2_vs_iter400": {
      "w": 12,
      "d": 0,
      "l": 6
    },
    "iter200_vs_iter20": {
      "w": 14,
      "d": 0,
      "l": 1
    },
    "iter6000_vs_iter300": {
      "w": 9,
      "d": 0,
      "l": 9
    },
    "iter600_vs_iter50": {
      "w": 12,
      "d": 0,
      "l": 2
    },
    "iter300_vs_iter400": {
      "w": 10,
      "d": 0,
      "l": 2
    },
    "iter20_vs_iter150": {
      "w": 3,
      "d": 0,
      "l": 12
    },
    "iter100_vs_iter6000": {
      "w": 2,
      "d": 0,
      "l": 9
    },
    "iter200_vs_c2": {
      "w": 12,
      "d": 0,
      "l": 6
    },
    "iter100_vs_iter200": {
      "w": 2,
      "d": 0,
      "l": 11
    },
    "iter300_vs_iter6000": {
      "w": 10,
      "d": 0,
      "l": 8
    },
    "iter150_vs_iter20": {
      "w": 13,
      "d": 0,
      "l": 2
    },
    "c3_vs_c2": {
      "w": 11,
      "d": 0,
      "l": 5
    },
    "iter400_vs_iter50": {
      "w": 15,
      "d": 0,
      "l": 0
    },
    "c2_vs_iter6000": {
      "w": 10,
      "d": 0,
      "l": 5
    },
    "iter200_vs_iter600": {
      "w": 12,
      "d": 0,
      "l": 1
    },
    "iter50_vs_iter100": {
      "w": 3,
      "d": 0,
      "l": 15
    },
    "iter20_vs_iter400": {
      "w": 4,
      "d": 0,
      "l": 9
    },
    "iter150_vs_iter300": {
      "w": 12,
      "d": 0,
      "l": 7
    },
    "iter50_vs_c3": {
      "w": 1,
      "d": 0,
      "l": 13
    },
    "c2_vs_c3": {
      "w": 8,
      "d": 0,
      "l": 9
    },
    "iter20_vs_iter100": {
      "w": 2,
      "d": 0,
      "l": 6
    },
    "iter400_vs_iter600": {
      "w": 8,
      "d": 0,
      "l": 1
    },
    "iter6000_vs_iter200": {
      "w": 7,
      "d": 0,
      "l": 7
    },
    "c3_vs_iter100": {
      "w": 13,
      "d": 0,
      "l": 2
    },
    "iter6000_vs_iter50": {
      "w": 12,
      "d": 0,
      "l": 0
    },
    "iter600_vs_iter20": {
      "w": 17,
      "d": 0,
      "l": 2
    },
    "c2_vs_iter200": {
      "w": 13,
      "d": 0,
      "l": 4
    },
    "iter600_vs_iter400": {
      "w": 2,
      "d": 0,
      "l": 8
    },
    "iter300_vs_c3": {
      "w": 7,
      "d": 0,
      "l": 7
    },
    "iter150_vs_iter400": {
      "w": 7,
      "d": 0,
      "l": 5
    },
    "iter20_vs_iter6000": {
      "w": 1,
      "d": 0,
      "l": 10
    },
    "iter50_vs_c2": {
      "w": 0,
      "d": 0,
      "l": 11
    },
    "iter200_vs_iter6000": {
      "w": 10,
      "d": 0,
      "l": 4
    },
    "iter100_vs_iter150": {
      "w": 7,
      "d": 0,
      "l": 9
    },
    "iter20_vs_iter50": {
      "w": 12,
      "d": 0,
      "l": 9
    },
    "iter600_vs_iter100": {
      "w": 13,
      "d": 0,
      "l": 6
    },
    "iter150_vs_iter50": {
      "w": 16,
      "d": 0,
      "l": 0
    },
    "iter200_vs_c3": {
      "w": 7,
      "d": 0,
      "l": 7
    },
    "iter400_vs_c2": {
      "w": 9,
      "d": 0,
      "l": 8
    },
    "iter100_vs_iter20": {
      "w": 6,
      "d": 0,
      "l": 1
    },
    "iter150_vs_c3": {
      "w": 4,
      "d": 0,
      "l": 9
    },
    "iter200_vs_iter400": {
      "w": 14,
      "d": 0,
      "l": 2
    },
    "iter600_vs_iter300": {
      "w": 4,
      "d": 0,
      "l": 9
    },
    "iter50_vs_iter20": {
      "w": 11,
      "d": 0,
      "l": 9
    },
    "c3_vs_iter300": {
      "w": 6,
      "d": 0,
      "l": 7
    },
    "iter150_vs_iter200": {
      "w": 5,
      "d": 0,
      "l": 8
    },
    "iter100_vs_iter600": {
      "w": 9,
      "d": 0,
      "l": 10
    },
    "iter200_vs_iter150": {
      "w": 8,
      "d": 0,
      "l": 6
    },
    "c3_vs_iter6000": {
      "w": 8,
      "d": 0,
      "l": 7
    },
    "iter200_vs_iter50": {
      "w": 13,
      "d": 0,
      "l": 0
    },
    "iter20_vs_iter600": {
      "w": 6,
      "d": 0,
      "l": 12
    },
    "iter6000_vs_iter600": {
      "w": 16,
      "d": 0,
      "l": 3
    },
    "iter100_vs_iter400": {
      "w": 5,
      "d": 0,
      "l": 8
    },
    "iter600_vs_c2": {
      "w": 5,
      "d": 0,
      "l": 7
    },
    "iter6000_vs_iter100": {
      "w": 10,
      "d": 0,
      "l": 1
    },
    "iter50_vs_iter200": {
      "w": 1,
      "d": 0,
      "l": 12
    },
    "iter400_vs_iter300": {
      "w": 11,
      "d": 0,
      "l": 1
    },
    "iter100_vs_c3": {
      "w": 5,
      "d": 0,
      "l": 10
    },
    "c3_vs_iter50": {
      "w": 14,
      "d": 0,
      "l": 0
    },
    "iter50_vs_iter400": {
      "w": 3,
      "d": 0,
      "l": 12
    },
    "c2_vs_iter20": {
      "w": 10,
      "d": 0,
      "l": 1
    },
    "iter400_vs_iter6000": {
      "w": 8,
      "d": 0,
      "l": 9
    },
    "c2_vs_iter150": {
      "w": 9,
      "d": 0,
      "l": 3
    },
    "iter600_vs_iter6000": {
      "w": 9,
      "d": 0,
      "l": 9
    },
    "c2_vs_iter50": {
      "w": 11,
      "d": 0,
      "l": 0
    },
    "c2_vs_iter300": {
      "w": 10,
      "d": 0,
      "l": 3
    },
    "iter20_vs_iter200": {
      "w": 1,
      "d": 0,
      "l": 14
    },
    "iter6000_vs_c3": {
      "w": 10,
      "d": 0,
      "l": 5
    },
    "iter6000_vs_iter150": {
      "w": 5,
      "d": 0,
      "l": 7
    },
    "iter300_vs_iter600": {
      "w": 10,
      "d": 0,
      "l": 3
    },
    "iter600_vs_iter200": {
      "w": 5,
      "d": 0,
      "l": 8
    },
    "iter150_vs_iter6000": {
      "w": 6,
      "d": 0,
      "l": 5
    },
    "iter300_vs_iter100": {
      "w": 11,
      "d": 0,
      "l": 2
    },
    "iter300_vs_iter50": {
      "w": 11,
      "d": 0,
      "l": 0
    },
    "iter400_vs_iter150": {
      "w": 11,
      "d": 0,
      "l": 2
    },
    "iter150_vs_iter600": {
      "w": 15,
      "d": 0,
      "l": 1
    },
    "iter20_vs_c3": {
      "w": 2,
      "d": 0,
      "l": 13
    },
    "iter300_vs_c2": {
      "w": 8,
      "d": 0,
      "l": 6
    },
    "iter6000_vs_iter20": {
      "w": 9,
      "d": 0,
      "l": 2
    },
    "iter50_vs_iter300": {
      "w": 2,
      "d": 0,