{
  "ratings": {
    "iter100": 1500.188210821744,
    "iter20": 1492.1713590180336,
    "iter50": 1507.6404301602224
  },
  "pair_results": {
    "iter20_vs_iter50": {
      "w": 0,
      "d": 0,
      "l": 1
    },
    "iter100_vs_iter20": {
      "w": 0,
      "d": 0,
      "l": 1
    },
    "iter100_vs_iter50": {
      "w": 1,
      "d": 0,
      "l": 0
    },
    "iter50_vs_iter20": {
      "w": 1,
      "d": 0,
      "l": 0
    }
  },
  "pair_index": 0,
  "orientation": 0
}