{
  "ratings": {
    "c2": 1506.2682641409401,
    "c3": 1513.8017535754382,
    "iter100": 1470.2642694312487,
    "iter150": 1488.1723191519507,
    "iter20": 1305.8629933337122,
    "iter200": 1504.2473755609512,
    "iter300": 1480.978669422619,
    "iter400": 1524.2898714873031,
    "iter50": 1344.0151926814192,
    "iter600": 1500.146591973346,
    "iter1000": 1221.478752967384,
    "iter800": 1771.2908796052209,
    "iter100_c2": 1416.3315831283476,
    "iter100_c3": 1340.4331716745928,
    "iter200_depth12": 1395.150940243367,
    "iter200_depth5": 1422.6317045773071,
    "iter200_fcd2": 1832.2466964473456,
    "iter200_fcd4": 1890.1638794727508,
    "iter400_c2": 1514.9370391933428,
    "iter400_c3": 1503.1792574839221,
    "iter500": 1634.7581110833032,
    "iter75": 1539.817884145221,
    "perfect": 1379.5327992189668
  },
  "pair_results": {
    "c2_vs_c3": {
      "w": 39,
      "d": 0,
      "l": 7
    },
    "c2_vs_iter100": {
      "w": 36,
      "d": 0,
      "l": 10
    },
    "c2_vs_iter150": {
      "w": 38,
      "d": 0,
      "l": 8
    },
    "c2_vs_iter20": {
      "w": 35,
      "d": 0,
      "l": 11
    },
    "c2_vs_iter200": {
      "w": 41,
      "d": 0,
      "l": 5
    },
    "c2_vs_iter300": {
      "w": 40,
      "d": 0,
      "l": 6
    },
    "c2_vs_iter400": {
      "w": 44,
      "d": 0,
      "l": 2
    },
    "c2_vs_iter50": {
      "w": 31,
      "d": 0,
      "l": 15
    },
    "c2_vs_iter600": {
      "w": 44,
      "d": 0,
      "l": 1
    },
    "c3_vs_iter100": {
      "w": 32,
      "d": 0,
      "l": 12
    },
    "c3_vs_iter150": {
      "w": 31,
      "d": 0,
      "l": 13
    },
    "c3_vs_iter20": {
      "w": 28,
      "d": 0,
      "l": 16
    },
    "c3_vs_iter200": {
      "w": 36,
      "d": 0,
      "l": 8
    },
    "c3_vs_iter300": {
      "w": 38,
      "d": 0,
      "l": 6
    },
    "c3_vs_iter400": {
      "w": 40,
      "d": 0,
      "l": 4
    },
    "c3_vs_iter50": {
      "w": 28,
      "d": 0,
      "l": 16
    },
    "c3_vs_iter600": {
      "w": 44,
      "d": 0,
      "l": 0
    },
    "iter100_vs_iter150": {
      "w": 34,
      "d": 0,
      "l": 10
    },
    "iter100_vs_iter20": {
      "w": 31,
      "d": 0,
      "l": 13
    },
    "iter100_vs_iter200": {
      "w": 35,
      "d": 0,
      "l": 9
    },
    "iter100_vs_iter300": {
      "w": 35,
      "d": 0,
      "l": 9
    },
    "iter100_vs_iter400": {
      "w": 39,
      "d": 0,
      "l": 6
    },
    "iter100_vs_iter50": {
      "w": 31,
      "d": 0,
      "l": 15
    },
    "iter100_vs_iter600": {
      "w": 34,
      "d": 0,
      "l": 12
    },
    "iter150_vs_iter20": {
      "w": 32,
      "d": 0,
      "l": 16
    },
    "iter150_vs_iter200": {
      "w": 38,
      "d": 0,
      "l": 10
    },
    "iter150_vs_iter300": {
      "w": 38,
      "d": 0,
      "l": 9
    },
    "iter150_vs_iter400": {
      "w": 42,
      "d": 0,
      "l": 4
    },
    "iter150_vs_iter50": {
      "w": 33,
      "d": 0,
      "l": 13
    },
    "iter150_vs_iter600": {
      "w": 36,
      "d": 0,
      "l": 10
    },
    "iter20_vs_iter200": {
      "w": 27,
      "d": 0,
      "l": 19
    },
    "iter20_vs_iter300": {
      "w": 33,
      "d": 0,
      "l": 13
    },
    "iter20_vs_iter400": {
      "w": 31,
      "d": 0,
      "l": 15
    },
    "iter20_vs_iter50": {
      "w": 29,
      "d": 0,
      "l": 17
    },
    "iter20_vs_iter600": {
      "w": 32,
      "d": 0,
      "l": 14
    },
    "iter200_vs_iter300": {
      "w": 44,
      "d": 0,
      "l": 2
    },
    "iter200_vs_iter400": {
      "w": 43,
      "d": 0,
      "l": 3
    },
    "iter200_vs_iter50": {
      "w": 28,
      "d": 0,
      "l": 18
    },
    "iter200_vs_iter600": {
      "w": 43,
      "d": 0,
      "l": 3
    },
    "iter300_vs_iter400": {
      "w": 45,
      "d": 0,
      "l": 1
    },
    "iter300_vs_iter50": {
      "w": 35,
      "d": 0,
      "l": 11
    },
    "iter300_vs_iter600": {
      "w": 45,
      "d": 0,
      "l": 1
    },
    "iter400_vs_iter50": {
      "w": 29,
      "d": 0,
      "l": 17
    },
    "iter400_vs_iter600": {
      "w": 45,
      "d": 0,
      "l": 1
    },
    "iter50_vs_iter600": {
      "w": 38,
      "d": 0,
      "l": 8
    },
    "iter100_vs_iter800": {
      "w": 3,
      "d": 0,
      "l": 1
    },
    "iter1000_vs_iter150": {
      "w": 4,
      "d": 0,
      "l": 0
    },
    "iter1000_vs_iter20": {
      "w": 4,
      "d": 0,
      "l": 0
    },
    "iter1000_vs_iter200": {
      "w": 4,
      "d": 0,
      "l": 0
    },
    "iter1000_vs_iter300": {
      "w": 6,
      "d": 0,
      "l": 0
    },
    "iter1000_vs_iter400": {
      "w": 6,
      "d": 0,
      "l": 0
    },
    "iter1000_vs_iter50": {
      "w": 4,
      "d": 0,
      "l": 2
    },
    "iter1000_vs_iter600": {
      "w": 6,
      "d": 0,
      "l": 0
    },
    "iter1000_vs_iter800": {
      "w": 15,
      "d": 0,
      "l": 0
    },
    "iter150_vs_iter800": {
      "w": 6,
      "d": 0,
      "l": 0
    },
    "iter20_vs_iter800": {
      "w": 4,
      "d": 0,
      "l": 2
    },
    "iter200_vs_iter800": {
      "w": 5,
      "d": 0,
      "l": 1
    },
    "iter300_vs_iter800": {
      "w": 6,
      "d": 0,
      "l": 0
    },
    "iter400_vs_iter800": {
      "w": 6,
      "d": 0,
      "l": 0
    },
    "iter50_vs_iter800": {
      "w": 5,
      "d": 0,
      "l": 1
    },
    "iter600_vs_iter800": {
      "w": 5,
      "d": 0,
      "l": 0
    },
    "c2_vs_iter1000": {
      "w": 3,
      "d": 0,
      "l": 1
    },
    "c2_vs_iter800": {
      "w": 2,
      "d": 0,
      "l": 0
    },
    "c3_vs_iter1000": {
      "w": 2,
      "d": 0,
      "l": 0
    },
    "c3_vs_iter800": {
      "w": 2,
      "d": 0,
      "l": 0
    },
    "iter100_vs_iter1000": {
      "w": 2,
      "d": 0,
      "l": 0
    },
    "iter1000_vs_iter200_depth12": {
      "w": 13,
      "d": 0,
      "l": 3
    },
    "iter1000_vs_iter200_depth5": {
      "w": 8,
      "d": 0,
      "l": 0
    },
    "iter1000_vs_iter200_fcd2": {
      "w": 21,
      "d": 0,
      "l": 1
    },
    "iter1000_vs_iter200_fcd4": {
      "w": 12,
      "d": 0,
      "l": 1
    },
    "iter1000_vs_iter400_c2": {
      "w": 16,
      "d": 0,
      "l": 0
    },
    "iter1000_vs_iter400_c3": {
      "w": 11,
      "d": 0,
      "l": 0
    },
    "iter1000_vs_iter500": {
      "w": 10,
      "d": 0,
      "l": 0
    },
    "iter1000_vs_iter75": {
      "w": 9,
      "d": 0,
      "l": 6
    },
    "iter100_c2_vs_iter100_c3": {
      "w": 6,
      "d": 0,
      "l": 15
    },
    "iter100_c2_vs_iter150": {
      "w": 1,
      "d": 0,
      "l": 1
    },
    "iter100_c2_vs_iter20": {
      "w": 1,
      "d": 0,
      "l": 1
    },
    "iter100_c2_vs_iter200": {
      "w": 1,
      "d": 0,
      "l": 1
    },
    "iter100_c2_vs_iter200_depth12": {
      "w": 10,
      "d": 0,
      "l": 5
    },
    "iter100_c2_vs_iter200_depth5": {
      "w": 14,
      "d": 0,
      "l": 2
    },
    "iter100_c2_vs_iter200_fcd2": {
      "w": 12,
      "d": 0,
      "l": 1
    },
    "iter100_c2_vs_iter200_fcd4": {
      "w": 13,
      "d": 0,
      "l": 0
    },
    "iter100_c2_vs_iter300": {
      "w": 1,
      "d": 0,
      "l": 1
    },
    "iter100_c2_vs_iter400": {
      "w": 2,
      "d": 0,
      "l": 0
    },
    "iter100_c2_vs_iter400_c2": {
      "w": 10,
      "d": 0,
      "l": 6
    },
    "iter100_c2_vs_iter400_c3": {
      "w": 14,
      "d": 0,
      "l": 5
    },
    "iter100_c2_vs_iter50": {
      "w": 1,
      "d": 0,
      "l": 1
    },
    "iter100_c2_vs_iter500": {
      "w": 13,
      "d": 0,
      "l": 4
    },
    "iter100_c2_vs_iter600": {
      "w": 1,
      "d": 0,
      "l": 1
    },
    "iter100_c2_vs_iter75": {
      "w": 8,
      "d": 0,
      "l": 4
    },
    "iter100_c2_vs_iter800": {
      "w": 9,
      "d": 0,
      "l": 1
    },
    "iter100_c3_vs_iter150": {
      "w": 2,
      "d": 0,
      "l": 0
    },
    "iter100_c3_vs_iter20": {
      "w": 2,
      "d": 0,